"data_dir","result_dir","num_run","balance_data","feaSelect","correlate","eps","min_Pts","k","MLmodel","select_method","LDF_r",
../data/,../result_data/,1,NO,DBSCAN,Euclidean,27,2,9,NB,std,1,F65,F72,F62,F133,F0-NA,F94,F95,F79,F117,F119,F77,F41,F127,F35,F84,F16,
../data/,../result_data/,1,NO,DBSCAN,Euclidean,27,2,9,NB,inclass_corr,1,F36,F72,F62,F132,F0-NA,F94,F95,F79,F117,F119,F77,F44,F126,F35,F84,F16,
../data/,../result_data/,1,NO,DBSCAN,Euclidean,27,2,9,NB,LDF,1,F65,F72,F62,F64,F0-NA,F94,F95,F79,F117,F120,F77,F41,F126,F35,F84,F16,
../data/,../result_data/,1,NO,DBSCAN,Euclidean,27,2,9,LR,std,1,F65,F72,F62,F133,F0-NA,F94,F95,F79,F117,F119,F77,F41,F127,F35,F84,F16,
../data/,../result_data/,1,NO,DBSCAN,Euclidean,27,2,9,LR,inclass_corr,1,F36,F72,F62,F132,F0-NA,F94,F95,F79,F117,F119,F77,F44,F126,F35,F84,F16,
../data/,../result_data/,1,NO,DBSCAN,Euclidean,27,2,9,LR,LDF,1,F65,F72,F62,F64,F0-NA,F94,F95,F79,F117,F120,F77,F41,F126,F35,F84,F16,
../data/,../result_data/,1,NO,DBSCAN,Euclidean,27,2,9,SVM,std,1,F65,F72,F62,F133,F0-NA,F94,F95,F79,F117,F119,F77,F41,F127,F35,F84,F16,
../data/,../result_data/,1,NO,DBSCAN,Euclidean,27,2,9,SVM,inclass_corr,1,F36,F72,F62,F132,F0-NA,F94,F95,F79,F117,F119,F77,F44,F126,F35,F84,F16,
../data/,../result_data/,1,NO,DBSCAN,Euclidean,27,2,9,SVM,LDF,1,F65,F72,F62,F64,F0-NA,F94,F95,F79,F117,F120,F77,F41,F126,F35,F84,F16,
../data/,../result_data/,1,NO,DBSCAN,Euclidean,27,2,9,RF,std,1,F65,F72,F62,F133,F0-NA,F94,F95,F79,F117,F119,F77,F41,F127,F35,F84,F16,
../data/,../result_data/,1,NO,DBSCAN,Euclidean,27,2,9,RF,inclass_corr,1,F36,F72,F62,F132,F0-NA,F94,F95,F79,F117,F119,F77,F44,F126,F35,F84,F16,
../data/,../result_data/,1,NO,DBSCAN,Euclidean,27,2,9,RF,LDF,1,F65,F72,F62,F64,F0-NA,F94,F95,F79,F117,F120,F77,F41,F126,F35,F84,F16,
../data/,../result_data/,1,NO,DBSCAN,Euclidean,27,2,9,DT,std,1,F65,F72,F62,F133,F0-NA,F94,F95,F79,F117,F119,F77,F41,F127,F35,F84,F16,
../data/,../result_data/,1,NO,DBSCAN,Euclidean,27,2,9,DT,inclass_corr,1,F36,F72,F62,F132,F0-NA,F94,F95,F79,F117,F119,F77,F44,F126,F35,F84,F16,
../data/,../result_data/,1,NO,DBSCAN,Euclidean,27,2,9,DT,LDF,1,F65,F72,F62,F64,F0-NA,F94,F95,F79,F117,F120,F77,F41,F126,F35,F84,F16,
../data/,../result_data/,1,NO,DBSCAN,Euclidean,27,2,9,KNN,std,1,F65,F72,F62,F133,F0-NA,F94,F95,F79,F117,F119,F77,F41,F127,F35,F84,F16,
../data/,../result_data/,1,NO,DBSCAN,Euclidean,27,2,9,KNN,inclass_corr,1,F36,F72,F62,F132,F0-NA,F94,F95,F79,F117,F119,F77,F44,F126,F35,F84,F16,
../data/,../result_data/,1,NO,DBSCAN,Euclidean,27,2,9,KNN,LDF,1,F65,F72,F62,F64,F0-NA,F94,F95,F79,F117,F120,F77,F41,F126,F35,F84,F16,
